ticker,year,revenue,cost_of_revenue,gross_profit,operating_income,net_income,total_assets,total_liabilities,equity,current_assets,operating_cashflow,capex,free_cashflow,eps_basic,sector,net_margin,roa,roe,debt_to_equity,current_ratio,ocf_liabilities_ratio,interest_coverage,asset_turnover,fcf_ratio,net_margin_norm,roa_norm,roe_norm,debt_to_equity_norm,current_ratio_norm,interest_coverage_norm,asset_turnover_norm,net_margin_Z,net_margin_sector,roa_Z,roa_sector,roe_Z,roe_sector,debt_to_equity_Z,debt_to_equity_sector,current_ratio_Z,current_ratio_sector,interest_coverage_Z,interest_coverage_sector,asset_turnover_Z,asset_turnover_sector,net_margin_final,roa_final,roe_final,debt_to_equity_final,current_ratio_final,interest_coverage_final,asset_turnover_final,credit_score_raw,credit_score,credit_rating
ADANIPORTS.NS,2022,169790800000.0,70694000000.0,99096800000.0,74458700000.0,48860300000.0,996858200000.0,573048300000.0,423809900000.0,180884200000.0,104201400000.0,-38137000000.0,142338400000.0,22.62,Ports & Infrastructure,0.28776765289992157,0.049014293106080686,0.11528824598009627,1.3521352379923168,0.3156526247438479,0.18183702839708277,0.7145652553612524,0.17032593000689566,0.24838813761422904,0.6254726976548619,0.13821805613844204,0.10819198047013105,0.9282631118131681,0.025968122608807355,0.01678912411102765,0.07888686800477694,0.19753810458642954,0.5329230174310716,-0.8030503545509153,0.3661582742415141,-0.9079424622238934,0.3486762562960178,0.4071474177038187,0.5678579029506364,2.5036756394479265,0.9172792732413212,-2.6156187989697353,0.06406353350504412,-1.3570619503314796,0.27382300827808675,0.5977077935877249,0.2066001215693637,0.18033726321789706,0.8201415491544086,0.29336146779856154,0.030971446929232597,0.1373677100867699,0.35015835001521434,35.01583500152143,B
ADANIPORTS.NS,2023,208519100000.0,90617600000.0,117901500000.0,95127500000.0,53088500000.0,1147630900000.0,678461100000.0,469169800000.0,175963900000.0,118995000000.0,-91410400000.0,210405400000.0,24.58,Ports & Infrastructure,0.2545977802513055,0.04625921104076232,0.11315412884631534,1.4460886016107601,0.2593573898341408,0.1753895691293134,0.7994243455607378,0.181695264566334,0.31012153828716194,0.5360767145748574,0.12924021533613292,0.1032795882548321,0.922277324798573,0.0,0.14258336230720953,0.08598891200372138,-1.259201081869661,0.29013315302172316,-1.0614695486300008,0.32308840856166654,-1.0297580828075805,0.32837365286540326,1.1615589003876157,0.6935931500646025,-0.7567439676937902,0.3738760053843683,0.18788647607309958,0.5313144126788499,-0.865810031308168,0.3556983281153053,0.46229364610891716,0.187394673303793,0.17080780763800346,0.8536720723783819,0.11216280161531052,0.2592026774187017,0.16690173683719656,0.3665029256682746,36.65029256682746,B
ADANIPORTS.NS,2023,208519100000.0,90617600000.0,117901500000.0,95127500000.0,53088500000.0,1147630900000.0,678461100000.0,469169800000.0,175963900000.0,118995000000.0,-91410400000.0,210405400000.0,29.33,Ports & Infrastructure,0.2545977802513055,0.04625921104076232,0.11315412884631534,1.4460886016107601,0.2593573898341408,0.1753895691293134,0.7994243455607378,0.181695264566334,0.31012153828716194,0.5360767145748574,0.12924021533613292,0.1032795882548321,0.922277324798573,0.0,0.14258336230720953,0.08598891200372138,-1.259201081869661,0.29013315302172316,-1.0614695486300008,0.32308840856166654,-1.0297580828075805,0.32837365286540326,1.1615589003876157,0.6935931500646025,-0.7567439676937902,0.3738760053843683,0.18788647607309958,0.5313144126788499,-0.865810031308168,0.3556983281153053,0.46229364610891716,0.187394673303793,0.17080780763800346,0.8536720723783819,0.11216280161531052,0.2592026774187017,0.16690173683719656,0.3665029256682746,36.65029256682746,B
ADANIPORTS.NS,2023,208519100000.0,90617600000.0,117901500000.0,95127500000.0,53088500000.0,1147630900000.0,678461100000.0,469169800000.0,175963900000.0,118995000000.0,-91410400000.0,210405400000.0,33.46,Ports & Infrastructure,0.2545977802513055,0.04625921104076232,0.11315412884631534,1.4460886016107601,0.2593573898341408,0.1753895691293134,0.7994243455607378,0.181695264566334,0.31012153828716194,0.5360767145748574,0.12924021533613292,0.1032795882548321,0.922277324798573,0.0,0.14258336230720953,0.08598891200372138,-1.259201081869661,0.29013315302172316,-1.0614695486300008,0.32308840856166654,-1.0297580828075805,0.32837365286540326,1.1615589003876157,0.6935931500646025,-0.7567439676937902,0.3738760053843683,0.18788647607309958,0.5313144126788499,-0.865810031308168,0.3556983281153053,0.46229364610891716,0.187394673303793,0.17080780763800346,0.8536720723783819,0.11216280161531052,0.2592026774187017,0.16690173683719656,0.3665029256682746,36.65029256682746,B
ADANIPORTS.NS,2024,267105600000.0,113117900000.0,153987700000.0,121532000000.0,81106400000.0,1189178700000.0,643748700000.0,545430000000.0,174723600000.0,150175800000.0,-74163000000.0,224338800000.0,37.55,Ports & Infrastructure,0.30364919342761815,0.06820371067863897,0.14870175824578774,1.1802590616577746,0.2714158490727826,0.23328326721281145,0.8092648748999506,0.224613508465969,0.3484881600537601,0.6682749701669816,0.2007496003795946,0.18510447741868347,0.9392133763358914,0.0055623810520481765,0.15717086128655813,0.11279850714221595,0.8950162852556408,0.6491693808759401,0.9968647501102291,0.6661441250183715,0.9993041776616596,0.6665506962769433,-0.9729560297166637,0.3378406617138894,-0.05836093409164064,0.4902731776513933,0.5129898426876055,0.5854983071146009,0.9886230110639959,0.6647705018439993,0.6625432933796691,0.3403679577712277,0.3295383430761615,0.7588015619492907,0.15097562003185172,0.28566909503497095,0.278390105552751,0.42409962738128826,42.409962738128826,BB
ADANIPORTS.NS,2024,267105600000.0,113117900000.0,153987700000.0,121532000000.0,81106400000.0,1189178700000.0,643748700000.0,545430000000.0,174723600000.0,150175800000.0,-74163000000.0,224338800000.0,42.17,Ports & Infrastructure,0.30364919342761815,0.06820371067863897,0.14870175824578774,1.1802590616577746,0.2714158490727826,0.23328326721281145,0.8092648748999506,0.224613508465969,0.3484881600537601,0.6682749701669816,0.2007496003795946,0.18510447741868347,0.9392133763358914,0.0055623810520481765,0.15717086128655813,0.11279850714221595,0.8950162852556408,0.6491693808759401,0.9968647501102291,0.6661441250183715,0.9993041776616596,0.6665506962769433,-0.9729560297166637,0.3378406617138894,-0.05836093409164064,0.4902731776513933,0.5129898426876055,0.5854983071146009,0.9886230110639959,0.6647705018439993,0.6625432933796691,0.3403679577712277,0.3295383430761615,0.7588015619492907,0.15097562003185172,0.28566909503497095,0.278390105552751,0.42409962738128826,42.409962738128826,BB
ADANIPORTS.NS,2024,267105600000.0,113117900000.0,153987700000.0,121532000000.0,81106400000.0,1189178700000.0,643748700000.0,545430000000.0,174723600000.0,150175800000.0,-74163000000.0,224338800000.0,45.4,Ports & Infrastructure,0.30364919342761815,0.06820371067863897,0.14870175824578774,1.1802590616577746,0.2714158490727826,0.23328326721281145,0.8092648748999506,0.224613508465969,0.3484881600537601,0.6682749701669816,0.2007496003795946,0.18510447741868347,0.9392133763358914,0.0055623810520481765,0.15717086128655813,0.11279850714221595,0.8950162852556408,0.6491693808759401,0.9968647501102291,0.6661441250183715,0.9993041776616596,0.6665506962769433,-0.9729560297166637,0.3378406617138894,-0.05836093409164064,0.4902731776513933,0.5129898426876055,0.5854983071146009,0.9886230110639959,0.6647705018439993,0.6625432933796691,0.3403679577712277,0.3295383430761615,0.7588015619492907,0.15097562003185172,0.28566909503497095,0.278390105552751,0.42409962738128826,42.409962738128826,BB
ADANIPORTS.NS,2024,267105600000.0,113117900000.0,153987700000.0,121532000000.0,81106400000.0,1189178700000.0,643748700000.0,545430000000.0,174723600000.0,150175800000.0,-74163000000.0,224338800000.0,46.85,Ports & Infrastructure,0.30364919342761815,0.06820371067863897,0.14870175824578774,1.1802590616577746,0.2714158490727826,0.23328326721281145,0.8092648748999506,0.224613508465969,0.3484881600537601,0.6682749701669816,0.2007496003795946,0.18510447741868347,0.9392133763358914,0.0055623810520481765,0.15717086128655813,0.11279850714221595,0.8950162852556408,0.6491693808759401,0.9968647501102291,0.6661441250183715,0.9993041776616596,0.6665506962769433,-0.9729560297166637,0.3378406617138894,-0.05836093409164064,0.4902731776513933,0.5129898426876055,0.5854983071146009,0.9886230110639959,0.6647705018439993,0.6625432933796691,0.3403679577712277,0.3295383430761615,0.7588015619492907,0.15097562003185172,0.28566909503497095,0.278390105552751,0.42409962738128826,42.409962738128826,BB
BAJFINANCE.NS,2022,201322100000.0,,,,70282300000.0,2125058600000.0,1687931700000.0,437126900000.0,,-370899000000.0,-6341700000.0,-364557300000.0,11.664,Non-Banking Financial Company (NBFC),0.3491037496628537,0.033073111489725505,0.16078237234999723,3.861422621211369,,-0.21973578670274396,,0.09473719924711724,-0.21597870340369815,0.7907793518738486,0.08627136730694418,0.21291209572706138,0.7683959260532376,,,0.03166910966775503,-2.6304377970130397,0.06159370049782672,-2.1802547147575657,0.13662421420707238,-2.0013149989795047,0.16644750017008256,-1.1288430564422287,0.31185949059296186,,,,,0.15435352661646853,0.5257255877694115,0.5720236564610419,0.10137722137698264,0.19897271705996775,0.6314349954151549,,,0.17988605309825198,0.24528573606855986,24.528573606855986,CCC
BAJFINANCE.NS,2023,269669000000.0,,,,115076900000.0,2752263100000.0,2208543300000.0,543719800000.0,,-421117900000.0,-8783200000.0,-412334700000.0,19.053,Non-Banking Financial Company (NBFC),0.42673388487367847,0.04181173667590137,0.21164743310800893,4.061914427247269,,-0.1906767687099456,,0.09798082167362561,-0.18669984871928932,1.0,0.11474746489406633,0.32999523260984454,0.7556225542133939,,,0.03369529238483424,0.5083983261159123,0.584733054352652,1.0107729754374861,0.6684621625729145,1.0933151813325066,0.6822191968887511,1.2776923292875597,0.7129487215479267,,,,,1.2102737744694791,0.7017122957449132,0.8754199163057956,0.2808618741977208,0.4356624218935165,0.7428204044137537,,,0.23410039339285799,0.345416388797564,34.5416388797564,B
BAJFINANCE.NS,2023,269669000000.0,,,,115076900000.0,2752263100000.0,2208543300000.0,543719800000.0,,-421117900000.0,-8783200000.0,-412334700000.0,216.96,Non-Banking Financial Company (NBFC),0.42673388487367847,0.04181173667590137,0.21164743310800893,4.061914427247269,,-0.1906767687099456,,0.09798082167362561,-0.18669984871928932,1.0,0.11474746489406633,0.32999523260984454,0.7556225542133939,,,0.03369529238483424,0.5083983261159123,0.584733054352652,1.0107729754374861,0.6684621625729145,1.0933151813325066,0.6822191968887511,1.2776923292875597,0.7129487215479267,,,,,1.2102737744694791,0.7017122957449132,0.8754199163057956,0.2808618741977208,0.4356624218935165,0.7428204044137537,,,0.23410039339285799,0.345416388797564,34.5416388797564,B
BAJFINANCE.NS,2023,269669000000.0,,,,115076900000.0,2752263100000.0,2208543300000.0,543719800000.0,,-421117900000.0,-8783200000.0,-412334700000.0,227.18,Non-Banking Financial Company (NBFC),0.42673388487367847,0.04181173667590137,0.21164743310800893,4.061914427247269,,-0.1906767687099456,,0.09798082167362561,-0.18669984871928932,1.0,0.11474746489406633,0.32999523260984454,0.7556225542133939,,,0.03369529238483424,0.5083983261159123,0.584733054352652,1.0107729754374861,0.6684621625729145,1.0933151813325066,0.6822191968887511,1.2776923292875597,0.7129487215479267,,,,,1.2102737744694791,0.7017122957449132,0.8754199163057956,0.2808618741977208,0.4356624218935165,0.7428204044137537,,,0.23410039339285799,0.345416388797564,34.5416388797564,B
BAJFINANCE.NS,2024,343263200000.0,,,,144511700000.0,3757416200000.0,2990462700000.0,766953500000.0,,-698433100000.0,-10377800000.0,-688055300000.0,23.689,Non-Banking Financial Company (NBFC),0.4209938612703022,0.03846039201087172,0.18842302695013452,3.8991447330248836,,-0.23355352333938156,,0.09135618247454194,-0.23008322424486352,0.984530086733762,0.10382661456620965,0.2765364087200988,0.7659926429949169,,,0.029557101286396863,0.27631070466632396,0.546051784111054,-0.21301605288871933,0.4644973245185468,-0.3196576362545041,0.446723727290916,-0.6760584828551006,0.3873235861908166,,,,,-0.9462937125062254,0.34228438124896243,0.8529865959469496,0.2120278275519108,0.32759260429134396,0.6523919259536868,,,0.12337528527516654,0.3025680772430831,30.25680772430831,B
BAJFINANCE.NS,2024,343263200000.0,,,,144511700000.0,3757416200000.0,2990462700000.0,766953500000.0,,-698433100000.0,-10377800000.0,-688055300000.0,243.34,Non-Banking Financial Company (NBFC),0.4209938612703022,0.03846039201087172,0.18842302695013452,3.8991447330248836,,-0.23355352333938156,,0.09135618247454194,-0.23008322424486352,0.984530086733762,0.10382661456620965,0.2765364087200988,0.7659926429949169,,,0.029557101286396863,0.27631070466632396,0.546051784111054,-0.21301605288871933,0.4644973245185468,-0.3196576362545041,0.446723727290916,-0.6760584828551006,0.3873235861908166,,,,,-0.9462937125062254,0.34228438124896243,0.8529865959469496,0.2120278275519108,0.32759260429134396,0.6523919259536868,,,0.12337528527516654,0.3025680772430831,30.25680772430831,B
BAJFINANCE.NS,2024,343263200000.0,,,,144511700000.0,3757416200000.0,2990462700000.0,766953500000.0,,-698433100000.0,-10377800000.0,-688055300000.0,249.34,Non-Banking Financial Company (NBFC),0.4209938612703022,0.03846039201087172,0.18842302695013452,3.8991447330248836,,-0.23355352333938156,,0.09135618247454194,-0.23008322424486352,0.984530086733762,0.10382661456620965,0.2765364087200988,0.7659926429949169,,,0.029557101286396863,0.27631070466632396,0.546051784111054,-0.21301605288871933,0.4644973245185468,-0.3196576362545041,0.446723727290916,-0.6760584828551006,0.3873235861908166,,,,,-0.9462937125062254,0.34228438124896243,0.8529865959469496,0.2120278275519108,0.32759260429134396,0.6523919259536868,,,0.12337528527516654,0.3025680772430831,30.25680772430831,B
BAJFINANCE.NS,2024,343263200000.0,,,,144511700000.0,3757416200000.0,2990462700000.0,766953500000.0,,-698433100000.0,-10377800000.0,-688055300000.0,258.54,Non-Banking Financial Company (NBFC),0.4209938612703022,0.03846039201087172,0.18842302695013452,3.8991447330248836,,-0.23355352333938156,,0.09135618247454194,-0.23008322424486352,0.984530086733762,0.10382661456620965,0.2765364087200988,0.7659926429949169,,,0.029557101286396863,0.27631070466632396,0.546051784111054,-0.21301605288871933,0.4644973245185468,-0.3196576362545041,0.446723727290916,-0.6760584828551006,0.3873235861908166,,,,,-0.9462937125062254,0.34228438124896243,0.8529865959469496,0.2120278275519108,0.32759260429134396,0.6523919259536868,,,0.12337528527516654,0.3025680772430831,30.25680772430831,B
HDFCBANK.NS,2022,1019413700000.0,,,,386000400000.0,21113705500000.0,18604252100000.0,2509453400000.0,,581018200000.0,-26324400000.0,607342600000.0,69.76,Banking,0.37864941387387674,0.018281982762334163,0.153818516813263,7.413667095790661,,0.031230398130328497,,0.048282083881486366,0.032645364980836825,0.8704077461663516,0.03807229524567851,0.196882427446149,0.5420817417632988,,,0.0026501489205000926,1.4781063184320486,0.7463510530720082,0.8969896712250114,0.6494982785375019,0.3116772551395486,0.5519462091899248,-0.6384982269478611,0.39358362884202314,,,,,-0.5480259778378254,0.4086623370270291,0.8331907382380486,0.22150009023322553,0.30340156196928175,0.4975323078869161,,,0.12445380535245881,0.2701554663833202,27.015546638332022,CCC
HDFCBANK.NS,2023,1205375000000.0,,,,495446900000.0,25755624000000.0,22837786100000.0,2917837900000.0,,477200600000.0,-43620300000.0,520820900000.0,44.51,Banking,0.4110313387949808,0.01923645491951583,0.16979932298500885,7.826955054631377,,0.020895221538133245,,0.04680045802811844,0.022805227166918775,0.957680134668144,0.0411825833874669,0.233667656611712,0.5157510857650323,,,0.0017246266794594145,1.9196063982288083,0.8199343997048013,1.1251029598752091,0.6875171599792015,0.8759342964537203,0.6459890494089534,-0.5312614358690798,0.41145642735515336,,,,,-0.6888401563865881,0.385193307268902,0.9163564141791412,0.23508295636498733,0.3573640744508844,0.4844626882420686,,,0.1167652308562922,0.28128496631566224,28.128496631566225,CCC
HDFCBANK.NS,2023,1205375000000.0,,,,495446900000.0,25755624000000.0,22837786100000.0,2917837900000.0,,477200600000.0,-43620300000.0,520820900000.0,93.91,Banking,0.4110313387949808,0.01923645491951583,0.16979932298500885,7.826955054631377,,0.020895221538133245,,0.04680045802811844,0.022805227166918775,0.957680134668144,0.0411825833874669,0.233667656611712,0.5157510857650323,,,0.0017246266794594145,1.9196063982288083,0.8199343997048013,1.1251029598752091,0.6875171599792015,0.8759342964537203,0.6459890494089534,-0.5312614358690798,0.41145642735515336,,,,,-0.6888401563865881,0.385193307268902,0.9163564141791412,0.23508295636498733,0.3573640744508844,0.4844626882420686,,,0.1167652308562922,0.28128496631566224,28.128496631566225,CCC
HDFCBANK.NS,2023,1205375000000.0,,,,495446900000.0,25755624000000.0,22837786100000.0,2917837900000.0,,477200600000.0,-43620300000.0,520820900000.0,96.11,Banking,0.4110313387949808,0.01923645491951583,0.16979932298500885,7.826955054631377,,0.020895221538133245,,0.04680045802811844,0.022805227166918775,0.957680134668144,0.0411825833874669,0.233667656611712,0.5157510857650323,,,0.0017246266794594145,1.9196063982288083,0.8199343997048013,1.1251029598752091,0.6875171599792015,0.8759342964537203,0.6459890494089534,-0.5312614358690798,0.41145642735515336,,,,,-0.6888401563865881,0.385193307268902,0.9163564141791412,0.23508295636498733,0.3573640744508844,0.4844626882420686,,,0.1167652308562922,0.28128496631566224,28.128496631566225,CCC
HDFCBANK.NS,2024,1986934300000.0,,,,622656600000.0,44118573000000.0,36232390200000.0,7886182800000.0,,1022322400000.0,-53838000000.0,1076160400000.0,88.66,Banking,0.3133755353662172,0.014113253391037828,0.0789553851072283,4.594414194913159,,0.028215704080157538,,0.04503623224622428,0.029701612122735418,0.6944883930698765,0.024487876431248792,0.024559615551524742,0.721696890758555,,,0.0006225736910826288,0.588152350593836,0.5980253917656393,-0.09931237826272678,0.4834479369562122,-2.331621759064407,0.1113963734892655,-1.3700163558033118,0.27166394069944805,,,,,-0.8565127193938185,0.3572478801010302,0.6655494926786054,0.16217589458873782,0.05061064293284697,0.5866870057408229,,,0.10761016561406692,0.25225722579967275,25.225722579967275,CCC
HDFCBANK.NS,2024,1986934300000.0,,,,622656600000.0,44118573000000.0,36232390200000.0,7886182800000.0,,1022322400000.0,-53838000000.0,1076160400000.0,88.18,Banking,0.3133755353662172,0.014113253391037828,0.0789553851072283,4.594414194913159,,0.028215704080157538,,0.04503623224622428,0.029701612122735418,0.6944883930698765,0.024487876431248792,0.024559615551524742,0.721696890758555,,,0.0006225736910826288,0.588152350593836,0.5980253917656393,-0.09931237826272678,0.4834479369562122,-2.331621759064407,0.1113963734892655,-1.3700163558033118,0.27166394069944805,,,,,-0.8565127193938185,0.3572478801010302,0.6655494926786054,0.16217589458873782,0.05061064293284697,0.5866870057408229,,,0.10761016561406692,0.25225722579967275,25.225722579967275,CCC
HDFCBANK.NS,2024,1986934300000.0,,,,622656600000.0,44118573000000.0,36232390200000.0,7886182800000.0,,1022322400000.0,-53838000000.0,1076160400000.0,89.69,Banking,0.3133755353662172,0.014113253391037828,0.0789553851072283,4.594414194913159,,0.028215704080157538,,0.04503623224622428,0.029701612122735418,0.6944883930698765,0.024487876431248792,0.024559615551524742,0.721696890758555,,,0.0006225736910826288,0.588152350593836,0.5980253917656393,-0.09931237826272678,0.4834479369562122,-2.331621759064407,0.1113963734892655,-1.3700163558033118,0.27166394069944805,,,,,-0.8565127193938185,0.3572478801010302,0.6655494926786054,0.16217589458873782,0.05061064293284697,0.5866870057408229,,,0.10761016561406692,0.25225722579967275,25.225722579967275,CCC
ICICIBANK.NS,2022,1163639822000.0,,,,251100960000.0,17526373837000.0,15646040029000.0,1880333808000.0,,581114301000.0,-18599746000.0,599714047000.0,36.21,Banking,0.21578924616761697,0.014327034350362864,0.13354062929234956,8.320884282584787,,0.037141302203171044,,0.06639364382057372,0.03833008517736293,0.4314839989784667,0.025184513182489564,0.15020601253729957,0.48428275887447536,,,0.013963836182006122,-0.7423539294751589,0.37627434508747354,-0.048219973612156825,0.49196333773130724,-0.4043029459645482,0.4326161756725753,-0.40310046651899606,0.43281658891350067,,,,,1.1733022706278446,0.6955503784379742,0.41492110281116873,0.1652181605471349,0.2349290614778823,0.46884290788618294,,,0.21843979885879655,0.2026334509668618,20.26334509668618,CCC
ICICIBANK.NS,2023,1355811552000.0,,,,340366408000.0,19584904970000.0,17373059551000.0,2211845419000.0,,-37711921000.0,-24676808000.0,-13035113000.0,48.86,Banking,0.2510425637677411,0.017379017591424135,0.1538834518344792,7.854554121080737,,-0.0021707126996999954,,0.06922737455590523,-0.0007503061255119968,0.526495065710018,0.03512985020692308,0.19703189735465287,0.5139927438898182,,,0.01573397323429107,-0.26170484602886707,0.4563825256618555,0.6811862524211774,0.6135310420701963,0.31397000824320065,0.5523283347072001,-0.5241002416956485,0.4126499597173919,,,,,1.4426209146141404,0.7404368191023568,0.5054613036955693,0.20865020776590507,0.30362082856041706,0.4835899086380903,,,0.23314482699471084,0.22714919114631033,22.714919114631034,CCC
ICICIBANK.NS,2023,1355811552000.0,,,,340366408000.0,19584904970000.0,17373059551000.0,2211845419000.0,,-37711921000.0,-24676808000.0,-13035113000.0,57.52,Banking,0.2510425637677411,0.017379017591424135,0.1538834518344792,7.854554121080737,,-0.0021707126996999954,,0.06922737455590523,-0.0007503061255119968,0.526495065710018,0.03512985020692308,0.19703189735465287,0.5139927438898182,,,0.01573397323429107,-0.26170484602886707,0.4563825256618555,0.6811862524211774,0.6135310420701963,0.31397000824320065,0.5523283347072001,-0.5241002416956485,0.4126499597173919,,,,,1.4426209146141404,0.7404368191023568,0.5054613036955693,0.20865020776590507,0.30362082856041706,0.4835899086380903,,,0.23314482699471084,0.22714919114631033,22.714919114631034,CCC
ICICIBANK.NS,2023,1355811552000.0,,,,340366408000.0,19584904970000.0,17373059551000.0,2211845419000.0,,-37711921000.0,-24676808000.0,-13035113000.0,60.67,Banking,0.2510425637677411,0.017379017591424135,0.1538834518344792,7.854554121080737,,-0.0021707126996999954,,0.06922737455590523,-0.0007503061255119968,0.526495065710018,0.03512985020692308,0.19703189735465287,0.5139927438898182,,,0.01573397323429107,-0.26170484602886707,0.4563825256618555,0.6811862524211774,0.6135310420701963,0.31397000824320065,0.5523283347072001,-0.5241002416956485,0.4126499597173919,,,,,1.4426209146141404,0.7404368191023568,0.5054613036955693,0.20865020776590507,0.30362082856041706,0.4835899086380903,,,0.23314482699471084,0.22714919114631033,22.714919114631034,CCC
ICICIBANK.NS,2024,1612101952000.0,,,,442563735000.0,23640630275000.0,20940307767000.0,2700322508000.0,,1572844783000.0,-36785464000.0,1609630247000.0,63.19,Banking,0.2745258973546606,0.018720471064090527,0.1638929178603136,7.754743259355894,,0.07511087231863224,,0.0681920039037538,0.07686755442709535,0.5897848984518373,0.03950117397724131,0.22007206802114998,0.5203517132445974,,,0.015087211729617874,0.05847048875371354,0.5097450814589523,1.001785822475389,0.6669643037458982,0.667388454357488,0.6112314090595813,-0.5499983988938487,0.40833360018435855,,,,,1.3442189681680854,0.724036494694681,0.5657729533539718,0.2277401129078384,0.3374198703326794,0.48674627932652575,,,0.22777199661913683,0.23915341546649038,23.91534154664904,CCC
ICICIBANK.NS,2024,1612101952000.0,,,,442563735000.0,23640630275000.0,20940307767000.0,2700322508000.0,,1572844783000.0,-36785464000.0,1609630247000.0,64.61,Banking,0.2745258973546606,0.018720471064090527,0.1638929178603136,7.754743259355894,,0.07511087231863224,,0.0681920039037538,0.07686755442709535,0.5897848984518373,0.03950117397724131,0.22007206802114998,0.5203517132445974,,,0.015087211729617874,0.05847048875371354,0.5097450814589523,1.001785822475389,0.6669643037458982,0.667388454357488,0.6112314090595813,-0.5499983988938487,0.40833360018435855,,,,,1.3442189681680854,0.724036494694681,0.5657729533539718,0.2277401129078384,0.3374198703326794,0.48674627932652575,,,0.22777199661913683,0.23915341546649038,23.91534154664904,CCC
ICICIBANK.NS,2024,1612101952000.0,,,,442563735000.0,23640630275000.0,20940307767000.0,2700322508000.0,,1572844783000.0,-36785464000.0,1609630247000.0,67.43,Banking,0.2745258973546606,0.018720471064090527,0.1638929178603136,7.754743259355894,,0.07511087231863224,,0.0681920039037538,0.07686755442709535,0.5897848984518373,0.03950117397724131,0.22007206802114998,0.5203517132445974,,,0.015087211729617874,0.05847048875371354,0.5097450814589523,1.001785822475389,0.6669643037458982,0.667388454357488,0.6112314090595813,-0.5499983988938487,0.40833360018435855,,,,,1.3442189681680854,0.724036494694681,0.5657729533539718,0.2277401129078384,0.3374198703326794,0.48674627932652575,,,0.22777199661913683,0.23915341546649038,23.91534154664904,CCC
ICICIBANK.NS,2024,1612101952000.0,,,,442563735000.0,23640630275000.0,20940307767000.0,2700322508000.0,,1572844783000.0,-36785464000.0,1609630247000.0,69.93,Banking,0.2745258973546606,0.018720471064090527,0.1638929178603136,7.754743259355894,,0.07511087231863224,,0.0681920039037538,0.07686755442709535,0.5897848984518373,0.03950117397724131,0.22007206802114998,0.5203517132445974,,,0.015087211729617874,0.05847048875371354,0.5097450814589523,1.001785822475389,0.6669643037458982,0.667388454357488,0.6112314090595813,-0.5499983988938487,0.40833360018435855,,,,,1.3442189681680854,0.724036494694681,0.5657729533539718,0.2277401129078384,0.3374198703326794,0.48674627932652575,,,0.22777199661913683,0.23915341546649038,23.91534154664904,CCC
INFY.NS,2022,16311000000.0,10996000000.0,5315000000.0,3755000000.0,2963000000.0,15555000000.0,5561000000.0,9994000000.0,8865000000.0,3345000000.0,-290000000.0,3635000000.0,0.7,IT Services,0.18165655079394274,0.19048537447765992,0.29647788673203923,0.5564338603161897,1.5941377450098904,0.6015105196907031,1.1225710014947683,1.0486017357762778,0.653659413774501,0.33949311645612334,0.5992224170149991,0.525261206256136,0.9789574008790919,0.615713567491562,0.6216126249743639,0.6275164630943486,-0.10213692599107765,0.482977179001487,-1.2645747855226224,0.2892375357462296,-1.317742662810731,0.2803762228648782,-1.1676504788287347,0.30539158686187756,-1.4191714252561605,0.26347142912397326,-2.5634705529976927,0.0727549078337179,-1.5412135106010196,0.24313108156649674,0.38253833521973246,0.5062269526343682,0.45179571123875867,0.7768876566739276,0.5100409259812854,0.45695530983217003,0.512200848635993,0.5306573757317352,53.06573757317352,BBB
INFY.NS,2023,18212000000.0,12709000000.0,5503000000.0,3825000000.0,2981000000.0,15312000000.0,6088000000.0,9224000000.0,8626000000.0,2853000000.0,-319000000.0,3172000000.0,0.71,IT Services,0.1636832857456622,0.19468390804597702,0.3231786643538595,0.6600173460537727,1.4168856767411302,0.4686268068331143,1.3406940063091484,1.1893939393939394,0.5210249671484888,0.2910534460609595,0.6129039571963243,0.5867220745728995,0.9723580769169128,0.5339499253493714,0.944955912761032,0.7154646556269443,-1.7523579293389355,0.20794034511017742,-1.1900999866486044,0.3016500022252326,-1.026335413267257,0.32894409778879047,2.1942125262198506,0.8657020877033084,-2.2167345585247245,0.13054424024587927,0.7710158206374669,0.6285026367729111,-0.9581927689115455,0.3403012051814091,0.2661195157757249,0.5195277707049968,0.5093886815376668,0.9403612801528314,0.4129282198183237,0.8500199299645956,0.6029156204932837,0.6406551265159004,64.06551265159004,A
INFY.NS,2023,18212000000.0,12709000000.0,5503000000.0,3825000000.0,2981000000.0,15312000000.0,6088000000.0,9224000000.0,8626000000.0,2853000000.0,-319000000.0,3172000000.0,0.71,IT Services,0.1636832857456622,0.19468390804597702,0.3231786643538595,0.6600173460537727,1.4168856767411302,0.4686268068331143,1.3406940063091484,1.1893939393939394,0.5210249671484888,0.2910534460609595,0.6129039571963243,0.5867220745728995,0.9723580769169128,0.5339499253493714,0.944955912761032,0.7154646556269443,-1.7523579293389355,0.20794034511017742,-1.1900999866486044,0.3016500022252326,-1.026335413267257,0.32894409778879047,2.1942125262198506,0.8657020877033084,-2.2167345585247245,0.13054424024587927,0.7710158206374669,0.6285026367729111,-0.9581927689115455,0.3403012051814091,0.2661195157757249,0.5195277707049968,0.5093886815376668,0.9403612801528314,0.4129282198183237,0.8500199299645956,0.6029156204932837,0.6406551265159004,64.06551265159004,A
INFY.NS,2024,18562000000.0,12975000000.0,5587000000.0,3849000000.0,3167000000.0,16523000000.0,5918000000.0,10605000000.0,10722000000.0,3148000000.0,-266000000.0,3414000000.0,0.77,IT Services,0.1706173903674173,0.19167221448889427,0.29863272041489863,0.558038661008958,1.8117607299763434,0.5319364650219669,1.2226810673443456,1.1234037402408763,0.5768840824602907,0.3097415220149461,0.6030899100428125,0.5302212846142479,0.9788551587157693,0.7160996901388456,0.7700147518380046,0.6742427797612988,-1.1157009248662613,0.3140498458556231,-1.2435222752368122,0.2927462874605313,-1.2942252145311521,0.28429579757814133,-1.115565727663262,0.31407237872278965,-0.43995537741897767,0.42667410376350373,-1.0330696183360468,0.32782173027732553,-1.2314582897704622,0.29475695170492294,0.31103401916714923,0.5099868232681282,0.45644363850341596,0.7794203247178755,0.6292720142262429,0.6373568453698009,0.560397031344386,0.5888069079196919,58.880690791969194,BBB
INFY.NS,2024,18562000000.0,12975000000.0,5587000000.0,3849000000.0,3167000000.0,16523000000.0,5918000000.0,10605000000.0,10722000000.0,3148000000.0,-266000000.0,3414000000.0,0.78,IT Services,0.1706173903674173,0.19167221448889427,0.29863272041489863,0.558038661008958,1.8117607299763434,0.5319364650219669,1.2226810673443456,1.1234037402408763,0.5768840824602907,0.3097415220149461,0.6030899100428125,0.5302212846142479,0.9788551587157693,0.7160996901388456,0.7700147518380046,0.6742427797612988,-1.1157009248662613,0.3140498458556231,-1.2435222752368122,0.2927462874605313,-1.2942252145311521,0.28429579757814133,-1.115565727663262,0.31407237872278965,-0.43995537741897767,0.42667410376350373,-1.0330696183360468,0.32782173027732553,-1.2314582897704622,0.29475695170492294,0.31103401916714923,0.5099868232681282,0.45644363850341596,0.7794203247178755,0.6292720142262429,0.6373568453698009,0.560397031344386,0.5888069079196919,58.880690791969194,BBB
INFY.NS,2024,18562000000.0,12975000000.0,5587000000.0,3849000000.0,3167000000.0,16523000000.0,5918000000.0,10605000000.0,10722000000.0,3148000000.0,-266000000.0,3414000000.0,0.78,IT Services,0.1706173903674173,0.19167221448889427,0.29863272041489863,0.558038661008958,1.8117607299763434,0.5319364650219669,1.2226810673443456,1.1234037402408763,0.5768840824602907,0.3097415220149461,0.6030899100428125,0.5302212846142479,0.9788551587157693,0.7160996901388456,0.7700147518380046,0.6742427797612988,-1.1157009248662613,0.3140498458556231,-1.2435222752368122,0.2927462874605313,-1.2942252145311521,0.28429579757814133,-1.115565727663262,0.31407237872278965,-0.43995537741897767,0.42667410376350373,-1.0330696183360468,0.32782173027732553,-1.2314582897704622,0.29475695170492294,0.31103401916714923,0.5099868232681282,0.45644363850341596,0.7794203247178755,0.6292720142262429,0.6373568453698009,0.560397031344386,0.5888069079196919,58.880690791969194,BBB
INFY.NS,2024,18562000000.0,12975000000.0,5587000000.0,3849000000.0,3167000000.0,16523000000.0,5918000000.0,10605000000.0,10722000000.0,3148000000.0,-266000000.0,3414000000.0,0.81,IT Services,0.1706173903674173,0.19167221448889427,0.29863272041489863,0.558038661008958,1.8117607299763434,0.5319364650219669,1.2226810673443456,1.1234037402408763,0.5768840824602907,0.3097415220149461,0.6030899100428125,0.5302212846142479,0.9788551587157693,0.7160996901388456,0.7700147518380046,0.6742427797612988,-1.1157009248662613,0.3140498458556231,-1.2435222752368122,0.2927462874605313,-1.2942252145311521,0.28429579757814133,-1.115565727663262,0.31407237872278965,-0.43995537741897767,0.42667410376350373,-1.0330696183360468,0.32782173027732553,-1.2314582897704622,0.29475695170492294,0.31103401916714923,0.5099868232681282,0.45644363850341596,0.7794203247178755,0.6292720142262429,0.6373568453698009,0.560397031344386,0.5888069079196919,58.880690791969194,BBB
ITC.NS,2022,600813600000.0,267464400000.0,333349200000.0,188954500000.0,152426600000.0,772595500000.0,144376800000.0,628218700000.0,342324500000.0,157755100000.0,-21416400000.0,179171500000.0,12.37,FMCG & Tobacco,0.25370031570523705,0.19729159696115237,0.24263301936093273,0.22981932884200995,2.3710492267455714,1.0926623945121376,1.1977711021703894,0.7776560955894772,1.2409992464163218,0.5336579616834867,0.6214014957041963,0.4013190368593644,0.9997660760130223,0.9740908377216495,0.7330884769370485,0.4582657608770073,-1.733316929601284,0.21111384506645267,-2.644035917195656,0.05932734713405733,-2.625817757055112,0.06236370715748133,-0.029351911012399284,0.49510801483126676,-2.64038208978321,0.059936318369465,-1.70517440640281,0.21580426559953167,0.173966929116908,0.5289944881861514,0.4368947266983765,0.45277925113315465,0.29963243794879946,0.8483686576584957,0.6998444819159941,0.5779032135357934,0.4794843790697505,0.6005257417847514,60.05257417847514,A
ITC.NS,2023,702452200000.0,294605200000.0,407847000000.0,238967000000.0,191916600000.0,858829800000.0,163441900000.0,695387900000.0,396708900000.0,188775500000.0,-27429900000.0,216205400000.0,15.5,FMCG & Tobacco,0.2732094795916363,0.22346290266127236,0.2759849574604332,0.2350370203450477,2.4272166439572715,1.1550006454893145,1.265879311669152,0.8179178226000076,1.3228272554345,0.5862370265225054,0.7066845510156872,0.47808980004369545,0.999433655875603,1.0,0.8340513827219463,0.48341591854079957,-0.685010327442005,0.38583161209299915,0.4221638477301562,0.5703606412883594,0.5263609917284399,0.58772683195474,1.238543963111153,0.706423993851859,0.4558007872294173,0.5759667978715696,-0.700256549614361,0.38329057506427316,1.2069029691954787,0.7011504948659132,0.5261154021936535,0.6657873780974888,0.5109809096170088,0.9115307572684798,0.8727900393614708,0.6988231404246443,0.5487362914383336,0.7215894886515823,72.15894886515824,AA
ITC.NS,2023,702452200000.0,294605200000.0,407847000000.0,238967000000.0,191916600000.0,858829800000.0,163441900000.0,695387900000.0,396708900000.0,188775500000.0,-27429900000.0,216205400000.0,16.25,FMCG & Tobacco,0.2732094795916363,0.22346290266127236,0.2759849574604332,0.2350370203450477,2.4272166439572715,1.1550006454893145,1.265879311669152,0.8179178226000076,1.3228272554345,0.5862370265225054,0.7066845510156872,0.47808980004369545,0.999433655875603,1.0,0.8340513827219463,0.48341591854079957,-0.685010327442005,0.38583161209299915,0.4221638477301562,0.5703606412883594,0.5263609917284399,0.58772683195474,1.238543963111153,0.706423993851859,0.4558007872294173,0.5759667978715696,-0.700256549614361,0.38329057506427316,1.2069029691954787,0.7011504948659132,0.5261154021936535,0.6657873780974888,0.5109809096170088,0.9115307572684798,0.8727900393614708,0.6988231404246443,0.5487362914383336,0.7215894886515823,72.15894886515824,AA
ITC.NS,2023,702452200000.0,294605200000.0,407847000000.0,238967000000.0,191916600000.0,858829800000.0,163441900000.0,695387900000.0,396708900000.0,188775500000.0,-27429900000.0,216205400000.0,16.49,FMCG & Tobacco,0.2732094795916363,0.22346290266127236,0.2759849574604332,0.2350370203450477,2.4272166439572715,1.1550006454893145,1.265879311669152,0.8179178226000076,1.3228272554345,0.5862370265225054,0.7066845510156872,0.47808980004369545,0.999433655875603,1.0,0.8340513827219463,0.48341591854079957,-0.685010327442005,0.38583161209299915,0.4221638477301562,0.5703606412883594,0.5263609917284399,0.58772683195474,1.238543963111153,0.706423993851859,0.4558007872294173,0.5759667978715696,-0.700256549614361,0.38329057506427316,1.2069029691954787,0.7011504948659132,0.5261154021936535,0.6657873780974888,0.5109809096170088,0.9115307572684798,0.8727900393614708,0.6988231404246443,0.5487362914383336,0.7215894886515823,72.15894886515824,AA
ITC.NS,2024,673910400000.0,273458400000.0,400452000000.0,236694800000.0,204587800000.0,918261600000.0,169361900000.0,748899700000.0,410655400000.0,171788600000.0,-35625300000.0,207413900000.0,16.42,FMCG & Tobacco,0.3035830876033372,0.222799036788645,0.27318451322653753,0.2261476403315424,2.4247212625744043,1.0143284882845551,1.3778260024239093,0.7338980525810945,1.224678631970945,0.6680968086403603,0.7045212462656902,0.4716436306951576,1.0,0.9988489190992814,1.0,0.43093157125240455,0.9470869779818233,0.6578478296636372,0.3443860935012953,0.5573976822502159,0.26168369546745734,0.5436139492445763,-0.9215699945802649,0.34640500090328913,0.31824493202373955,0.5530408220039565,0.9514860138114741,0.6585810023019124,-0.9486689591758345,0.3418885068040276,0.6650221149473433,0.6603841770610479,0.4932347262599832,0.8039215002709867,0.865106489970684,0.8975743006905736,0.40421865191789147,0.7541766577154912,75.41766577154912,AA
ITC.NS,2024,673910400000.0,273458400000.0,400452000000.0,236694800000.0,204587800000.0,918261600000.0,169361900000.0,748899700000.0,410655400000.0,171788600000.0,-35625300000.0,207413900000.0,16.39,FMCG & Tobacco,0.3035830876033372,0.222799036788645,0.27318451322653753,0.2261476403315424,2.4247212625744043,1.0143284882845551,1.3778260024239093,0.7338980525810945,1.224678631970945,0.6680968086403603,0.7045212462656902,0.4716436306951576,1.0,0.9988489190992814,1.0,0.43093157125240455,0.9470869779818233,0.6578478296636372,0.3443860935012953,0.5573976822502159,0.26168369546745734,0.5436139492445763,-0.9215699945802649,0.34640500090328913,0.31824493202373955,0.5530408220039565,0.9514860138114741,0.6585810023019124,-0.9486689591758345,0.3418885068040276,0.6650221149473433,0.6603841770610479,0.4932347262599832,0.8039215002709867,0.865106489970684,0.8975743006905736,0.40421865191789147,0.7541766577154912,75.41766577154912,AA
ITC.NS,2024,673910400000.0,273458400000.0,400452000000.0,236694800000.0,204587800000.0,918261600000.0,169361900000.0,748899700000.0,410655400000.0,171788600000.0,-35625300000.0,207413900000.0,16.45,FMCG & Tobacco,0.3035830876033372,0.222799036788645,0.27318451322653753,0.2261476403315424,2.4247212625744043,1.0143284882845551,1.3778260024239093,0.7338980525810945,1.224678631970945,0.6680968086403603,0.7045212462656902,0.4716436306951576,1.0,0.9988489190992814,1.0,0.43093157125240455,0.9470869779818233,0.6578478296636372,0.3443860935012953,0.5573976822502159,0.26168369546745734,0.5436139492445763,-0.9215699945802649,0.34640500090328913,0.31824493202373955,0.5530408220039565,0.9514860138114741,0.6585810023019124,-0.9486689591758345,0.3418885068040276,0.6650221149473433,0.6603841770610479,0.4932347262599832,0.8039215002709867,0.865106489970684,0.8975743006905736,0.40421865191789147,0.7541766577154912,75.41766577154912,AA
ITC.NS,2024,673910400000.0,273458400000.0,400452000000.0,236694800000.0,204587800000.0,918261600000.0,169361900000.0,748899700000.0,410655400000.0,171788600000.0,-35625300000.0,207413900000.0,16.12,FMCG & Tobacco,0.3035830876033372,0.222799036788645,0.27318451322653753,0.2261476403315424,2.4247212625744043,1.0143284882845551,1.3778260024239093,0.7338980525810945,1.224678631970945,0.6680968086403603,0.7045212462656902,0.4716436306951576,1.0,0.9988489190992814,1.0,0.43093157125240455,0.9470869779818233,0.6578478296636372,0.3443860935012953,0.5573976822502159,0.26168369546745734,0.5436139492445763,-0.9215699945802649,0.34640500090328913,0.31824493202373955,0.5530408220039565,0.9514860138114741,0.6585810023019124,-0.9486689591758345,0.3418885068040276,0.6650221149473433,0.6603841770610479,0.4932347262599832,0.8039215002709867,0.865106489970684,0.8975743006905736,0.40421865191789147,0.7541766577154912,75.41766577154912,AA
LT.NS,2022,1556724600000.0,998869400000.0,557855200000.0,193410500000.0,86693300000.0,3200672400000.0,2246935100000.0,953737300000.0,2082030800000.0,191635800000.0,-31106300000.0,222742100000.0,61.71,Capital Goods / Engineering,0.05568955485125628,0.027085964811643954,0.09089851052276135,2.3559266267556067,0.9266092287222715,0.08528764359949693,1.0092607957385833,0.48637423811321645,0.09913152364747874,0.0,0.06676136780002252,0.05205075715238977,0.8643113677902194,0.3077929702396777,0.45364274715167724,0.2763117021697348,-1.9724143657759377,0.17126427237067707,-1.7698257543024267,0.20502904094959554,-1.4966498155328598,0.2505583640778567,1.2321063799751377,0.7053510633291896,-0.5872516246198086,0.4021247292300319,-0.2118555830808741,0.4646907361531876,-1.7584782784879736,0.20692028691867106,0.05137928171120313,0.10824166974489444,0.11160303923002986,0.8166232764519105,0.336092497936784,0.4569571438521304,0.2554942775944157,0.3774703864217885,37.74703864217885,B
LT.NS,2023,1816614200000.0,1166152700000.0,650461500000.0,195014800000.0,104707200000.0,3303523100000.0,2267850900000.0,1035672200000.0,2222043200000.0,227769600000.0,-41437900000.0,269207500000.0,74.51,Capital Goods / Engineering,0.057638655472361716,0.031695616113597024,0.1011007150718152,2.1897381237036195,0.9798012735316947,0.10043411584068423,0.8561932760122509,0.5499020727295656,0.11870599605997026,0.005253012816521544,0.08178259568432125,0.0755345807028193,0.8748992695452165,0.33232963917159997,0.22673703803685366,0.3159954210579637,-0.5409753969309343,0.4098374338448443,-0.6647471499462583,0.38920880834229027,-0.8041315052944316,0.36597808245092806,-1.2684170437538993,0.2885971593743501,1.287527994835168,0.7145879991391947,-1.200197886873564,0.29996701885440596,-0.6711052320347685,0.38814912799420526,0.1266283391250184,0.17401045948171198,0.16266763122725195,0.6990086364939565,0.4470071471618784,0.24870603228211935,0.33764153313883616,0.34788928054849605,34.788928054849606,B
LT.NS,2023,1816614200000.0,1166152700000.0,650461500000.0,195014800000.0,104707200000.0,3303523100000.0,2267850900000.0,1035672200000.0,2222043200000.0,227769600000.0,-41437900000.0,269207500000.0,87.21,Capital Goods / Engineering,0.057638655472361716,0.031695616113597024,0.1011007150718152,2.1897381237036195,0.9798012735316947,0.10043411584068423,0.8561932760122509,0.5499020727295656,0.11870599605997026,0.005253012816521544,0.08178259568432125,0.0755345807028193,0.8748992695452165,0.33232963917159997,0.22673703803685366,0.3159954210579637,-0.5409753969309343,0.4098374338448443,-0.6647471499462583,0.38920880834229027,-0.8041315052944316,0.36597808245092806,-1.2684170437538993,0.2885971593743501,1.287527994835168,0.7145879991391947,-1.200197886873564,0.29996701885440596,-0.6711052320347685,0.38814912799420526,0.1266283391250184,0.17401045948171198,0.16266763122725195,0.6990086364939565,0.4470071471618784,0.24870603228211935,0.33764153313883616,0.34788928054849605,34.788928054849606,B
LT.NS,2023,1816614200000.0,1166152700000.0,650461500000.0,195014800000.0,104707200000.0,3303523100000.0,2267850900000.0,1035672200000.0,2222043200000.0,227769600000.0,-41437900000.0,269207500000.0,90.48,Capital Goods / Engineering,0.057638655472361716,0.031695616113597024,0.1011007150718152,2.1897381237036195,0.9798012735316947,0.10043411584068423,0.8561932760122509,0.5499020727295656,0.11870599605997026,0.005253012816521544,0.08178259568432125,0.0755345807028193,0.8748992695452165,0.33232963917159997,0.22673703803685366,0.3159954210579637,-0.5409753969309343,0.4098374338448443,-0.6647471499462583,0.38920880834229027,-0.8041315052944316,0.36597808245092806,-1.2684170437538993,0.2885971593743501,1.287527994835168,0.7145879991391947,-1.200197886873564,0.29996701885440596,-0.6711052320347685,0.38814912799420526,0.1266283391250184,0.17401045948171198,0.16266763122725195,0.6990086364939565,0.4470071471618784,0.24870603228211935,0.33764153313883616,0.34788928054849605,34.788928054849606,B
LT.NS,2024,2191156900000.0,1462123800000.0,729033100000.0,217310800000.0,130591100000.0,3401359700000.0,2375863100000.0,1025496600000.0,2185886000000.0,182662800000.0,-45165300000.0,227828100000.0,93.96,Capital Goods / Engineering,0.059599155131245966,0.03839379292933941,0.12734425448119477,2.316792761672735,0.9200387008830602,0.07688271264451221,1.1896828473011472,0.6442002884905116,0.09589277260966762,0.010536747131409948,0.1036095916473268,0.13594296066279268,0.8668045939230834,0.30476208720300707,0.7210985315202278,0.37490037049497615,0.8988351391421788,0.6498058565236965,0.9410168010352985,0.6568361335058831,0.9772610828540386,0.6628768471423397,0.643286187821645,0.6072143646369409,-0.8188330899714219,0.36352781833809633,0.9531123109253912,0.6588520518208986,0.9429484936480693,0.6571580822746782,0.20231747994909594,0.2695775542048937,0.2940231266066568,0.7889275251372406,0.32239180654353383,0.7024245876104291,0.45957768402888677,0.4984924464375726,49.84924464375726,BB
LT.NS,2024,2191156900000.0,1462123800000.0,729033100000.0,217310800000.0,130591100000.0,3401359700000.0,2375863100000.0,1025496600000.0,2185886000000.0,182662800000.0,-45165300000.0,227828100000.0,96.48,Capital Goods / Engineering,0.059599155131245966,0.03839379292933941,0.12734425448119477,2.316792761672735,0.9200387008830602,0.07688271264451221,1.1896828473011472,0.6442002884905116,0.09589277260966762,0.010536747131409948,0.1036095916473268,0.13594296066279268,0.8668045939230834,0.30476208720300707,0.7210985315202278,0.37490037049497615,0.8988351391421788,0.6498058565236965,0.9410168010352985,0.6568361335058831,0.9772610828540386,0.6628768471423397,0.643286187821645,0.6072143646369409,-0.8188330899714219,0.36352781833809633,0.9531123109253912,0.6588520518208986,0.9429484936480693,0.6571580822746782,0.20231747994909594,0.2695775542048937,0.2940231266066568,0.7889275251372406,0.32239180654353383,0.7024245876104291,0.45957768402888677,0.4984924464375726,49.84924464375726,BB
LT.NS,2024,2191156900000.0,1462123800000.0,729033100000.0,217310800000.0,130591100000.0,3401359700000.0,2375863100000.0,1025496600000.0,2185886000000.0,182662800000.0,-45165300000.0,227828100000.0,98.24,Capital Goods / Engineering,0.059599155131245966,0.03839379292933941,0.12734425448119477,2.316792761672735,0.9200387008830602,0.07688271264451221,1.1896828473011472,0.6442002884905116,0.09589277260966762,0.010536747131409948,0.1036095916473268,0.13594296066279268,0.8668045939230834,0.30476208720300707,0.7210985315202278,0.37490037049497615,0.8988351391421788,0.6498058565236965,0.9410168010352985,0.6568361335058831,0.9772610828540386,0.6628768471423397,0.643286187821645,0.6072143646369409,-0.8188330899714219,0.36352781833809633,0.9531123109253912,0.6588520518208986,0.9429484936480693,0.6571580822746782,0.20231747994909594,0.2695775542048937,0.2940231266066568,0.7889275251372406,0.32239180654353383,0.7024245876104291,0.45957768402888677,0.4984924464375726,49.84924464375726,BB
LT.NS,2024,2191156900000.0,1462123800000.0,729033100000.0,217310800000.0,130591100000.0,3401359700000.0,2375863100000.0,1025496600000.0,2185886000000.0,182662800000.0,-45165300000.0,227828100000.0,101.23,Capital Goods / Engineering,0.059599155131245966,0.03839379292933941,0.12734425448119477,2.316792761672735,0.9200387008830602,0.07688271264451221,1.1896828473011472,0.6442002884905116,0.09589277260966762,0.010536747131409948,0.1036095916473268,0.13594296066279268,0.8668045939230834,0.30476208720300707,0.7210985315202278,0.37490037049497615,0.8988351391421788,0.6498058565236965,0.9410168010352985,0.6568361335058831,0.9772610828540386,0.6628768471423397,0.643286187821645,0.6072143646369409,-0.8188330899714219,0.36352781833809633,0.9531123109253912,0.6588520518208986,0.9429484936480693,0.6571580822746782,0.20231747994909594,0.2695775542048937,0.2940231266066568,0.7889275251372406,0.32239180654353383,0.7024245876104291,0.45957768402888677,0.4984924464375726,49.84924464375726,BB
RELIANCE.NS,2022,6959630000000.0,5316780000000.0,1642850000000.0,787630000000.0,607050000000.0,14996650000000.0,6106810000000.0,8889840000000.0,3470190000000.0,1106540000000.0,-1001450000000.0,2107990000000.0,46.0,Energy & Petrochemicals,0.08722446451894712,0.04047904031900458,0.06828581841742934,0.6869426221394311,0.5682492168579013,0.1811977120624352,0.7117953259710449,0.4640789776383392,0.3451867669044886,0.08498960128506797,0.11040467747562545,0.0,0.9706426623564246,0.14248703020561315,0.012683009413365273,0.26238459675888587,2.4187886027027137,0.9031314337837856,-0.09298331355624148,0.4845027810739597,-1.9784482040802032,0.17025863265329946,-2.379955210015985,0.10334079833066918,1.0118061131953728,0.6686343521992288,-0.7941824784157485,0.36763625359737523,-2.039233844190505,0.16012769263491586,0.33043215103468326,0.22263410855512572,0.05107758979598984,0.710452103148698,0.3003312268036979,0.11916898266856828,0.23170752552169488,0.3230630418080772,32.30630418080772,B
RELIANCE.NS,2023,8778350000000.0,6718980000000.0,2059370000000.0,1020150000000.0,667020000000.0,16074310000000.0,7785500000000.0,8288810000000.0,4252960000000.0,1150320000000.0,-1409880000000.0,2560200000000.0,49.295,Energy & Petrochemicals,0.07598466682235272,0.04149602689011223,0.0804723476590729,0.9392783765100178,0.5462667779847151,0.14775158949328882,0.886840183601085,0.5461105328937914,0.3288420782223364,0.05469727018836268,0.11371867804512778,0.028051417811403127,0.954566302515136,0.1323468705843753,0.27216769707577815,0.31362697261477274,-0.573607227768366,0.404398795371939,1.0948421684697773,0.6824736947449629,0.9665781449349328,0.6610963574891554,0.6521919995329529,0.6086986665888255,-1.1523029211161597,0.30794951314730673,1.1541394248832268,0.6923565708138711,0.9382654636352757,0.656377577272546,0.1596077277434356,0.28434518305507833,0.21796489971472885,0.8508060117372429,0.18502766335325474,0.39822435919720606,0.4164521540121047,0.40570959367072584,40.57095936707258,BB
RELIANCE.NS,2023,8778350000000.0,6718980000000.0,2059370000000.0,1020150000000.0,667020000000.0,16074310000000.0,7785500000000.0,8288810000000.0,4252960000000.0,1150320000000.0,-1409880000000.0,2560200000000.0,101.24,Energy & Petrochemicals,0.07598466682235272,0.04149602689011223,0.0804723476590729,0.9392783765100178,0.5462667779847151,0.14775158949328882,0.886840183601085,0.5461105328937914,0.3288420782223364,0.05469727018836268,0.11371867804512778,0.028051417811403127,0.954566302515136,0.1323468705843753,0.27216769707577815,0.31362697261477274,-0.573607227768366,0.404398795371939,1.0948421684697773,0.6824736947449629,0.9665781449349328,0.6610963574891554,0.6521919995329529,0.6086986665888255,-1.1523029211161597,0.30794951314730673,1.1541394248832268,0.6923565708138711,0.9382654636352757,0.656377577272546,0.1596077277434356,0.28434518305507833,0.21796489971472885,0.8508060117372429,0.18502766335325474,0.39822435919720606,0.4164521540121047,0.40570959367072584,40.57095936707258,BB
RELIANCE.NS,2023,8778350000000.0,6718980000000.0,2059370000000.0,1020150000000.0,667020000000.0,16074310000000.0,7785500000000.0,8288810000000.0,4252960000000.0,1150320000000.0,-1409880000000.0,2560200000000.0,103.42,Energy & Petrochemicals,0.07598466682235272,0.04149602689011223,0.0804723476590729,0.9392783765100178,0.5462667779847151,0.14775158949328882,0.886840183601085,0.5461105328937914,0.3288420782223364,0.05469727018836268,0.11371867804512778,0.028051417811403127,0.954566302515136,0.1323468705843753,0.27216769707577815,0.31362697261477274,-0.573607227768366,0.404398795371939,1.0948421684697773,0.6824736947449629,0.9665781449349328,0.6610963574891554,0.6521919995329529,0.6086986665888255,-1.1523029211161597,0.30794951314730673,1.1541394248832268,0.6923565708138711,0.9382654636352757,0.656377577272546,0.1596077277434356,0.28434518305507833,0.21796489971472885,0.8508060117372429,0.18502766335325474,0.39822435919720606,0.4164521540121047,0.40570959367072584,40.57095936707258,BB
RELIANCE.NS,2024,9010640000000.0,6745990000000.0,2264650000000.0,1116660000000.0,696210000000.0,17559860000000.0,8301980000000.0,9257880000000.0,4701000000000.0,1587880000000.0,-1528830000000.0,3116710000000.0,51.45,Energy & Petrochemicals,0.07726532188612574,0.03964781040395538,0.0752018820723535,0.8967474194956081,0.5662504607334636,0.19126521624961756,0.7032395395118018,0.513138487436688,0.3754176714470524,0.058148758218635584,0.1076959923364892,0.015919659104545215,0.9572759580336871,0.14156503486821467,0.0,0.2930304358212321,-0.23265563979919784,0.461224060033467,-1.0638477306176997,0.32269204489705006,-0.30709541024153614,0.44881743162641063,0.14112640380570599,0.523521067300951,0.815034216717713,0.6358390361196188,-0.8894119320779811,0.35176467798700317,-0.2585208489051108,0.4569131918491482,0.17907134876308503,0.17219480810465748,0.14578899086110486,0.8271494908138664,0.2898472352436359,0.10552940339610097,0.342195262629607,0.32219878409146596,32.219878409146595,B
RELIANCE.NS,2024,9010640000000.0,6745990000000.0,2264650000000.0,1116660000000.0,696210000000.0,17559860000000.0,8301980000000.0,9257880000000.0,4701000000000.0,1587880000000.0,-1528830000000.0,3116710000000.0,101.61,Energy & Petrochemicals,0.07726532188612574,0.03964781040395538,0.0752018820723535,0.8967474194956081,0.5662504607334636,0.19126521624961756,0.7032395395118018,0.513138487436688,0.3754176714470524,0.058148758218635584,0.1076959923364892,0.015919659104545215,0.9572759580336871,0.14156503486821467,0.0,0.2930304358212321,-0.23265563979919784,0.461224060033467,-1.0638477306176997,0.32269204489705006,-0.30709541024153614,0.44881743162641063,0.14112640380570599,0.523521067300951,0.815034216717713,0.6358390361196188,-0.8894119320779811,0.35176467798700317,-0.2585208489051108,0.4569131918491482,0.17907134876308503,0.17219480810465748,0.14578899086110486,0.8271494908138664,0.2898472352436359,0.10552940339610097,0.342195262629607,0.32219878409146596,32.219878409146595,B
RELIANCE.NS,2024,9010640000000.0,6745990000000.0,2264650000000.0,1116660000000.0,696210000000.0,17559860000000.0,8301980000000.0,9257880000000.0,4701000000000.0,1587880000000.0,-1528830000000.0,3116710000000.0,51.13,Energy & Petrochemicals,0.07726532188612574,0.03964781040395538,0.0752018820723535,0.8967474194956081,0.5662504607334636,0.19126521624961756,0.7032395395118018,0.513138487436688,0.3754176714470524,0.058148758218635584,0.1076959923364892,0.015919659104545215,0.9572759580336871,0.14156503486821467,0.0,0.2930304358212321,-0.23265563979919784,0.461224060033467,-1.0638477306176997,0.32269204489705006,-0.30709541024153614,0.44881743162641063,0.14112640380570599,0.523521067300951,0.815034216717713,0.6358390361196188,-0.8894119320779811,0.35176467798700317,-0.2585208489051108,0.4569131918491482,0.17907134876308503,0.17219480810465748,0.14578899086110486,0.8271494908138664,0.2898472352436359,0.10552940339610097,0.342195262629607,0.32219878409146596,32.219878409146595,B
SBIN.NS,2022,2360910738000.0,,,,353738798000.0,53608835294000.0,50440880615000.0,3167954679000.0,,576948464000.0,-33052601000.0,610001065000.0,39.64,Banking,0.1498315003216356,0.006598516756800182,0.1116615715322233,15.922222924894312,,0.011438112439068487,,0.04403958274885777,0.012093386506392578,0.2537215579192123,0.0,0.09984396290204585,0.0,,,0.0,-1.6416318484118655,0.22639469193135575,-1.8952906832116432,0.18411821946472615,-1.1768179408774748,0.30386367652042084,1.5692366085579386,0.7615394347596564,,,,,-0.9512345953341488,0.3414609007776419,0.24552349812285534,0.05523546583941785,0.16104987698755835,0.22846183042789694,,,0.10243827023329259,0.10105003770324962,10.105003770324963,CCC
SBIN.NS,2023,2703369068000.0,,,,556481728000.0,59544183170000.0,55826503795000.0,3717679375000.0,,-860136796000.0,-40436315000.0,-819700481000.0,62.35,Banking,0.20584748660000574,0.00934569421182976,0.14968523959923252,15.016492323252056,,-0.015407319776973686,,0.04540106059196109,-0.01468299867048839,0.40469000493734913,0.008952082465136384,0.18736829230872867,0.05770427226053443,,,0.0008504697873703389,-0.877901388531861,0.3536831019113565,-1.2387312654672007,0.2935447890887999,0.1657377608076846,0.5276229601346141,1.334224575847343,0.7223707626412238,,,,,-0.8218393207760394,0.3630267798706601,0.38938793402955135,0.09432989445223544,0.2894446926564943,0.25710421937474126,,,0.10950336281235729,0.134928854428452,13.492885442845202,CCC
SBIN.NS,2023,2703369068000.0,,,,556481728000.0,59544183170000.0,55826503795000.0,3717679375000.0,,-860136796000.0,-40436315000.0,-819700481000.0,76.42,Banking,0.20584748660000574,0.00934569421182976,0.14968523959923252,15.016492323252056,,-0.015407319776973686,,0.04540106059196109,-0.01468299867048839,0.40469000493734913,0.008952082465136384,0.18736829230872867,0.05770427226053443,,,0.0008504697873703389,-0.877901388531861,0.3536831019113565,-1.2387312654672007,0.2935447890887999,0.1657377608076846,0.5276229601346141,1.334224575847343,0.7223707626412238,,,,,-0.8218393207760394,0.3630267798706601,0.38938793402955135,0.09432989445223544,0.2894446926564943,0.25710421937474126,,,0.10950336281235729,0.134928854428452,13.492885442845202,CCC
SBIN.NS,2023,2703369068000.0,,,,556481728000.0,59544183170000.0,55826503795000.0,3717679375000.0,,-860136796000.0,-40436315000.0,-819700481000.0,71.48,Banking,0.20584748660000574,0.00934569421182976,0.14968523959923252,15.016492323252056,,-0.015407319776973686,,0.04540106059196109,-0.01468299867048839,0.40469000493734913,0.008952082465136384,0.18736829230872867,0.05770427226053443,,,0.0008504697873703389,-0.877901388531861,0.3536831019113565,-1.2387312654672007,0.2935447890887999,0.1657377608076846,0.5276229601346141,1.334224575847343,0.7223707626412238,,,,,-0.8218393207760394,0.3630267798706601,0.38938793402955135,0.09432989445223544,0.2894446926564943,0.25710421937474126,,,0.10950336281235729,0.134928854428452,13.492885442845202,CCC
SBIN.NS,2024,3236135037000.0,,,,670846661000.0,67337787997000.0,63032216658000.0,4305571339000.0,,216324310000.0,-41751262000.0,258075572000.0,75.17,Banking,0.2072987231156757,0.009962410125944251,0.15580897590139778,14.639686976511621,,0.003431964183866986,,0.04805823198623891,0.004094343903535324,0.4086012263150812,0.010961742128951386,0.20146414209275848,0.08171061396756141,,,0.002510316109618936,-0.8581150095864051,0.35698083173559914,-1.0913397525005284,0.31811004124991193,0.38195722373797475,0.5636595372896624,1.2364540132615962,0.7060756688769327,,,,,-0.5693009310753123,0.405116511487448,0.3931151079412366,0.10310623186523957,0.3101227606518297,0.2690201304403728,,,0.12329217472296766,0.14056644453134276,14.056644453134275,CCC
SBIN.NS,2024,3236135037000.0,,,,670846661000.0,67337787997000.0,63032216658000.0,4305571339000.0,,216324310000.0,-41751262000.0,258075572000.0,76.05,Banking,0.2072987231156757,0.009962410125944251,0.15580897590139778,14.639686976511621,,0.003431964183866986,,0.04805823198623891,0.004094343903535324,0.4086012263150812,0.010961742128951386,0.20146414209275848,0.08171061396756141,,,0.002510316109618936,-0.8581150095864051,0.35698083173559914,-1.0913397525005284,0.31811004124991193,0.38195722373797475,0.5636595372896624,1.2364540132615962,0.7060756688769327,,,,,-0.5693009310753123,0.405116511487448,0.3931151079412366,0.10310623186523957,0.3101227606518297,0.2690201304403728,,,0.12329217472296766,0.14056644453134276,14.056644453134275,CCC
SBIN.NS,2024,3236135037000.0,,,,670846661000.0,67337787997000.0,63032216658000.0,4305571339000.0,,216324310000.0,-41751262000.0,258075572000.0,80.18,Banking,0.2072987231156757,0.009962410125944251,0.15580897590139778,14.639686976511621,,0.003431964183866986,,0.04805823198623891,0.004094343903535324,0.4086012263150812,0.010961742128951386,0.20146414209275848,0.08171061396756141,,,0.002510316109618936,-0.8581150095864051,0.35698083173559914,-1.0913397525005284,0.31811004124991193,0.38195722373797475,0.5636595372896624,1.2364540132615962,0.7060756688769327,,,,,-0.5693009310753123,0.405116511487448,0.3931151079412366,0.10310623186523957,0.3101227606518297,0.2690201304403728,,,0.12329217472296766,0.14056644453134276,14.056644453134275,CCC
SBIN.NS,2024,3236135037000.0,,,,670846661000.0,67337787997000.0,63032216658000.0,4305571339000.0,,216324310000.0,-41751262000.0,258075572000.0,88.91,Banking,0.2072987231156757,0.009962410125944251,0.15580897590139778,14.639686976511621,,0.003431964183866986,,0.04805823198623891,0.004094343903535324,0.4086012263150812,0.010961742128951386,0.20146414209275848,0.08171061396756141,,,0.002510316109618936,-0.8581150095864051,0.35698083173559914,-1.0913397525005284,0.31811004124991193,0.38195722373797475,0.5636595372896624,1.2364540132615962,0.7060756688769327,,,,,-0.5693009310753123,0.405116511487448,0.3931151079412366,0.10310623186523957,0.3101227606518297,0.2690201304403728,,,0.12329217472296766,0.14056644453134276,14.056644453134275,CCC
TCS.NS,2022,1917540000000.0,1002670000000.0,914870000000.0,485880000000.0,383270000000.0,1415140000000.0,516680000000.0,898460000000.0,1083100000000.0,399490000000.0,-29950000000.0,429440000000.0,103.62,IT Services,0.19987588264130082,0.2708353943779414,0.42658549072858004,0.5750729025220933,2.096268483393977,0.7731864984129442,1.2162507196675763,1.3550178780898003,0.8311527444453046,0.38859596043774974,0.8610547944268634,0.8247478515329438,0.9777699038858636,0.8473387237045709,0.7604824709069431,0.8189244046339775,1.5706767781806734,0.7617794630301122,0.16069703241722955,0.5267828387362049,0.1022271808517744,0.5170378634752958,-0.562709391981036,0.406215101336494,0.840215271483742,0.6400358785806236,-1.1313715224573961,0.31143807959043396,-0.2723437723135579,0.4546093712810737,0.5005510112154585,0.7607732077196658,0.7324348551156494,0.8063034631210527,0.7851478701673866,0.6257691535119904,0.7096298946281063,0.6956367838303954,69.56367838303954,A
TCS.NS,2023,2254580000000.0,1197590000000.0,1056990000000.0,543770000000.0,421470000000.0,1436510000000.0,524450000000.0,912060000000.0,1102700000000.0,419650000000.0,-31000000000.0,450650000000.0,115.19,IT Services,0.18693947431450647,0.2933985840683323,0.4621077560686797,0.5750169944959761,2.102583659071408,0.8001716083516065,1.2957702847611106,1.5694843753263117,0.8592811516827152,0.35373110122803586,0.9345802721549556,0.9065143567375277,0.9777734657970486,0.8502518167319064,0.8783614522761483,0.9528944704905359,0.382916364509899,0.5638193940849832,0.5609293961236198,0.59348823268727,0.4899104830733757,0.5816517471788959,-0.5645239198794784,0.40591268002008696,0.8686310262313615,0.644771837705227,0.0842586512944712,0.5140431085490785,0.6157623377799485,0.6026270562966581,0.41675758908512006,0.83225266031465,0.8090555738699381,0.8062152300639601,0.7886078230239025,0.7690659491580273,0.8478142462323726,0.7439336687890871,74.39336687890871,AA
TCS.NS,2023,2254580000000.0,1197590000000.0,1056990000000.0,543770000000.0,421470000000.0,1436510000000.0,524450000000.0,912060000000.0,1102700000000.0,419650000000.0,-31000000000.0,450650000000.0,122.69,IT Services,0.18693947431450647,0.2933985840683323,0.4621077560686797,0.5750169944959761,2.102583659071408,0.8001716083516065,1.2957702847611106,1.5694843753263117,0.8592811516827152,0.35373110122803586,0.9345802721549556,0.9065143567375277,0.9777734657970486,0.8502518167319064,0.8783614522761483,0.9528944704905359,0.382916364509899,0.5638193940849832,0.5609293961236198,0.59348823268727,0.4899104830733757,0.5816517471788959,-0.5645239198794784,0.40591268002008696,0.8686310262313615,0.644771837705227,0.0842586512944712,0.5140431085490785,0.6157623377799485,0.6026270562966581,0.41675758908512006,0.83225266031465,0.8090555738699381,0.8062152300639601,0.7886078230239025,0.7690659491580273,0.8478142462323726,0.7439336687890871,74.39336687890871,AA
TCS.NS,2024,2408930000000.0,1328710000000.0,1080220000000.0,594250000000.0,459080000000.0,1464490000000.0,551300000000.0,913190000000.0,1129840000000.0,443380000000.0,-26740000000.0,470120000000.0,125.88,IT Services,0.19057423835478823,0.31347431529064723,0.502721229974047,0.6037078811638322,2.049410484309813,0.8042445129693452,1.3402724525237946,1.6448934441341354,0.8527480500634863,0.36352713837557055,1.0,1.0,0.9759455638439997,0.8257238522616748,0.9443310057868629,1.0,0.7166433721166954,0.6194405620194492,0.9170385043878283,0.6528397507313047,0.9331582750589149,0.6555263791764858,0.3666556960977687,0.5611092826829615,0.6293730910043845,0.6048955151673975,0.7645714506169238,0.6274285751028207,0.9280314130324562,0.654671902172076,0.44030116546873416,0.8958519252193914,0.8966579137529458,0.8514946794956881,0.7594753511333916,0.8492602765816503,0.8964015706516228,0.7865984283829401,78.65984283829401,AA
TCS.NS,2024,2408930000000.0,1328710000000.0,1080220000000.0,594250000000.0,459080000000.0,1464490000000.0,551300000000.0,913190000000.0,1129840000000.0,443380000000.0,-26740000000.0,470120000000.0,128.9,IT Services,0.19057423835478823,0.31347431529064723,0.502721229974047,0.6037078811638322,2.049410484309813,0.8042445129693452,1.3402724525237946,1.6448934441341354,0.8527480500634863,0.36352713837557055,1.0,1.0,0.9759455638439997,0.8257238522616748,0.9443310057868629,1.0,0.7166433721166954,0.6194405620194492,0.9170385043878283,0.6528397507313047,0.9331582750589149,0.6555263791764858,0.3666556960977687,0.5611092826829615,0.6293730910043845,0.6048955151673975,0.7645714506169238,0.6274285751028207,0.9280314130324562,0.654671902172076,0.44030116546873416,0.8958519252193914,0.8966579137529458,0.8514946794956881,0.7594753511333916,0.8492602765816503,0.8964015706516228,0.7865984283829401,78.65984283829401,AA
TCS.NS,2024,2408930000000.0,1328710000000.0,1080220000000.0,594250000000.0,459080000000.0,1464490000000.0,551300000000.0,913190000000.0,1129840000000.0,443380000000.0,-26740000000.0,470120000000.0,130.82,IT Services,0.19057423835478823,0.31347431529064723,0.502721229974047,0.6037078811638322,2.049410484309813,0.8042445129693452,1.3402724525237946,1.6448934441341354,0.8527480500634863,0.36352713837557055,1.0,1.0,0.9759455638439997,0.8257238522616748,0.9443310057868629,1.0,0.7166433721166954,0.6194405620194492,0.9170385043878283,0.6528397507313047,0.9331582750589149,0.6555263791764858,0.3666556960977687,0.5611092826829615,0.6293730910043845,0.6048955151673975,0.7645714506169238,0.6274285751028207,0.9280314130324562,0.654671902172076,0.44030116546873416,0.8958519252193914,0.8966579137529458,0.8514946794956881,0.7594753511333916,0.8492602765816503,0.8964015706516228,0.7865984283829401,78.65984283829401,AA
TCS.NS,2024,2408930000000.0,1328710000000.0,1080220000000.0,594250000000.0,459080000000.0,1464490000000.0,551300000000.0,913190000000.0,1129840000000.0,443380000000.0,-26740000000.0,470120000000.0,134.73,IT Services,0.19057423835478823,0.31347431529064723,0.502721229974047,0.6037078811638322,2.049410484309813,0.8042445129693452,1.3402724525237946,1.6448934441341354,0.8527480500634863,0.36352713837557055,1.0,1.0,0.9759455638439997,0.8257238522616748,0.9443310057868629,1.0,0.7166433721166954,0.6194405620194492,0.9170385043878283,0.6528397507313047,0.9331582750589149,0.6555263791764858,0.3666556960977687,0.5611092826829615,0.6293730910043845,0.6048955151673975,0.7645714506169238,0.6274285751028207,0.9280314130324562,0.654671902172076,0.44030116546873416,0.8958519252193914,0.8966579137529458,0.8514946794956881,0.7594753511333916,0.8492602765816503,0.8964015706516228,0.7865984283829401,78.65984283829401,AA
TCS.NS,2024,2408930000000.0,1328710000000.0,1080220000000.0,594250000000.0,459080000000.0,1464490000000.0,551300000000.0,913190000000.0,1129840000000.0,443380000000.0,-26740000000.0,470120000000.0,125.88,IT Services,0.19057423835478823,0.31347431529064723,0.502721229974047,0.6037078811638322,2.049410484309813,0.8042445129693452,1.3402724525237946,1.6448934441341354,0.8527480500634863,0.36352713837557055,1.0,1.0,0.9759455638439997,0.8257238522616748,0.9443310057868629,1.0,0.7166433721166954,0.6194405620194492,0.9170385043878283,0.6528397507313047,0.9331582750589149,0.6555263791764858,0.3666556960977687,0.5611092826829615,0.6293730910043845,0.6048955151673975,0.7645714506169238,0.6274285751028207,0.9280314130324562,0.654671902172076,0.44030116546873416,0.8958519252193914,0.8966579137529458,0.8514946794956881,0.7594753511333916,0.8492602765816503,0.8964015706516228,0.7865984283829401,78.65984283829401,AA
TCS.NS,2024,2408930000000.0,1328710000000.0,1080220000000.0,594250000000.0,459080000000.0,1464490000000.0,551300000000.0,913190000000.0,1129840000000.0,443380000000.0,-26740000000.0,470120000000.0,128.9,IT Services,0.19057423835478823,0.31347431529064723,0.502721229974047,0.6037078811638322,2.049410484309813,0.8042445129693452,1.3402724525237946,1.6448934441341354,0.8527480500634863,0.36352713837557055,1.0,1.0,0.9759455638439997,0.8257238522616748,0.9443310057868629,1.0,0.7166433721166954,0.6194405620194492,0.9170385043878283,0.6528397507313047,0.9331582750589149,0.6555263791764858,0.3666556960977687,0.5611092826829615,0.6293730910043845,0.6048955151673975,0.7645714506169238,0.6274285751028207,0.9280314130324562,0.654671902172076,0.44030116546873416,0.8958519252193914,0.8966579137529458,0.8514946794956881,0.7594753511333916,0.8492602765816503,0.8964015706516228,0.7865984283829401,78.65984283829401,AA
TCS.NS,2024,2408930000000.0,1328710000000.0,1080220000000.0,594250000000.0,459080000000.0,1464490000000.0,551300000000.0,913190000000.0,1129840000000.0,443380000000.0,-26740000000.0,470120000000.0,130.82,IT Services,0.19057423835478823,0.31347431529064723,0.502721229974047,0.6037078811638322,2.049410484309813,0.8042445129693452,1.3402724525237946,1.6448934441341354,0.8527480500634863,0.36352713837557055,1.0,1.0,0.9759455638439997,0.8257238522616748,0.9443310057868629,1.0,0.7166433721166954,0.6194405620194492,0.9170385043878283,0.6528397507313047,0.9331582750589149,0.6555263791764858,0.3666556960977687,0.5611092826829615,0.6293730910043845,0.6048955151673975,0.7645714506169238,0.6274285751028207,0.9280314130324562,0.654671902172076,0.44030116546873416,0.8958519252193914,0.8966579137529458,0.8514946794956881,0.7594753511333916,0.8492602765816503,0.8964015706516228,0.7865984283829401,78.65984283829401,AA
TCS.NS,2024,2408930000000.0,1328710000000.0,1080220000000.0,594250000000.0,459080000000.0,1464490000000.0,551300000000.0,913190000000.0,1129840000000.0,443380000000.0,-26740000000.0,470120000000.0,134.73,IT Services,0.19057423835478823,0.31347431529064723,0.502721229974047,0.6037078811638322,2.049410484309813,0.8042445129693452,1.3402724525237946,1.6448934441341354,0.8527480500634863,0.36352713837557055,1.0,1.0,0.9759455638439997,0.8257238522616748,0.9443310057868629,1.0,0.7166433721166954,0.6194405620194492,0.9170385043878283,0.6528397507313047,0.9331582750589149,0.6555263791764858,0.3666556960977687,0.5611092826829615,0.6293730910043845,0.6048955151673975,0.7645714506169238,0.6274285751028207,0.9280314130324562,0.654671902172076,0.44030116546873416,0.8958519252193914,0.8966579137529458,0.8514946794956881,0.7594753511333916,0.8492602765816503,0.8964015706516228,0.7865984283829401,78.65984283829401,AA
